subject,exp_num,score,modality
1,1.2,0.925,LE
1,1.2,0.875,ED
2,1.2,0.841666666666667,LE
2,1.2,0.875,ED
3,1.2,0.858333333333333,LE
3,1.2,0.886363636363636,ED
4,1.2,0.841666666666667,LE
4,1.2,0.818181818181818,ED
5,1.2,0.733333333333333,LE
5,1.2,0.863636363636364,ED
6,1.2,0.858333333333333,LE
6,1.2,0.840909090909091,ED
7,1.2,0.8,LE
7,1.2,0.886363636363636,ED
8,1.2,0.708333333333333,LE
8,1.2,0.840909090909091,ED
9,1.2,0.7,LE
9,1.2,0.852272727272727,ED
10,1.2,0.825,LE
10,1.2,0.840909090909091,ED
